Gene/ORF Name,Guide Sequence,Location in Gene,Strand,Entropy Score,Number of Exact Matches,Rank in Target Gene
BBa_K608011,GCTAGCTACTAGAGTCACAC,29.0,Positive,0.0016550466156990558,1.0,1
BBa_K608011,CAAACTCAAGAAGGACCATG,732.0,Negative,0.0018135477447507624,1.0,2
BBa_K608011,TAGTAGCTAGCATTGTACCT,40.0,Negative,0.004077843644266956,1.0,3
BBa_K608011,TGCTGGGATTACACATGGCA,739.0,Positive,0.004130539504092938,1.0,4
BBa_K608011,CTCACACAATGTATACATCA,499.0,Positive,0.005124908114273457,1.0,5
BBa_K608011,CAAATTTTCTGTCAGTGGAG,136.0,Positive,0.006140471790241795,1.0,6
BBa_K608011,TAACTCGATTCTATTAACAA,437.0,Negative,0.006186417779605198,1.0,7
BBa_K608011,CAACGAAAAGAGAGACCACA,694.0,Positive,0.006906748964944122,1.0,8
BBa_K608011,TTCGTTGGGATCTTTCGAAA,701.0,Negative,0.008011374249235842,1.0,9
BBa_K608011,CAGCTGTTACAAACTCAAGA,741.0,Negative,0.01061400368972469,1.0,10
BBa_K608011,GGTTGTCTGGTAAAAGGACA,657.0,Negative,0.010876545611426591,1.0,11
BBa_K608011,CTGTACATAACCTTCGGGCA,344.0,Negative,0.012135076122841829,1.0,12
BBa_K608011,ACAGCTGCTGGGATTACACA,734.0,Positive,0.013914858919444736,1.0,13
BBa_K608011,GGAAAGTACTAGATGCGTAA,50.0,Positive,0.014845538307376024,1.0,14
BBa_K608011,CTGGAAAACTACCTGTTCCA,210.0,Positive,0.0148689219182366,1.0,15
BBa_K608011,TTTCGAAAGGGCAGATTGTG,689.0,Negative,0.015893067052677363,1.0,16
BBa_K608011,CATGCCCGAAGGTTATGTAC,322.0,Positive,0.01654387949645469,1.0,17
BBa_K608011,TTCAAGAGTGCCATGCCCGA,311.0,Positive,0.023079260052638287,1.0,18
BBa_K608011,GTAGTGACAAGTGTTGGCCA,250.0,Negative,0.02753597297786024,1.0,19
BBa_K608011,TCTGTCAGTGGAGAGGGTGA,143.0,Positive,0.08642259164405797,1.0,20
